{"global_scale": 2.3115267753601074, "per_symbol": {"EURUSD": 3.8405216401616245, "GBPUSD": 3.914240933697979, "USDCAD": 3.0605575649352454, "USDCHF": 3.7836675931120154, "USDJPY": 3.5338404585506145, "XAUUSD": 1.5721562334105144}, "clip_pct": {"majors": 3.0, "XAUUSD": 6.0}, "abstain": {"p_up_margin": 0.1, "min_pct": 0.1}}