{"global_scale": 2.2616207599639893, "per_symbol": {"EURUSD": 3.5456903858991176, "GBPUSD": 3.269538550322954, "USDCAD": 3.153222894612724, "USDCHF": 4.0, "USDJPY": 3.781356478044093, "XAUUSD": 1.5262926422502427}, "clip_pct": {"majors": 3.0, "XAUUSD": 6.0}, "abstain": {"p_up_margin": 0.1, "min_pct": 0.1}}