{"global_scale": 4.0888037648509306, "per_symbol": {"USDJPY": 3.9625509513551727, "XAUUSD": 2.019963997239181, "GBPUSD": 4.606323389474076, "USDCAD": 4.60461328518659, "EURUSD": 3.745197887217728, "USDCHF": 4.2150565783466885}, "clip_pct": {"majors": 1.5, "XAUUSD": 2.5}, "abstain": {"p_up_margin": 0.1, "min_pct": 0.03}}