{
  "global_scale": 1.0,
  "per_symbol": {},
  "clip_pct": {
    "EURUSD": 0.4863968657594061,
    "GBPUSD": 0.3634268170201311,
    "USDCAD": 0.2863957791498032,
    "USDCHF": 0.42738857379407313,
    "USDJPY": 0.5439284814858583,
    "XAUUSD": 0.9148037541245275,
    "majors": 0.438783827506108
  },
  "abstain": { "p_up_margin": 0.1, "min_pct": 0.03 }
}
